{
  "actions": [
    {
      "name": "/actions/default/in/Trigger",
      "type": "boolean"
    },
    {
      "name": "/actions/default/in/pose",
      "type": "pose"
    },
    {
      "name": "/actions/default/in/PadTouch",
      "type": "boolean"
    },
    {
      "name": "/actions/default/in/PadPress",
      "type": "boolean"
    },
    {
      "name": "/actions/default/in/PadPosition",
      "type": "vector2"
    },
    {
      "name": "/actions/default/in/Grip",
      "type": "boolean"
    },
    {
      "name": "/actions/default/in/Menu",
      "type": "boolean"
    },
    {
      "name": "/actions/default/out/Haptic",
      "type": "vibration"
    },
    {
      "name": "/actions/vive/in/pose",
      "type": "pose"
    },
    {
      "name": "/actions/vive/in/Grip",
      "type": "boolean"
    },
    {
      "name": "/actions/vive/in/Trigger",
      "type": "boolean"
    },
    {
      "name": "/actions/vive/in/Menu",
      "type": "boolean"
    },
    {
      "name": "/actions/vive/in/TrackpadTouch",
      "type": "boolean"
    },
    {
      "name": "/actions/vive/in/TrackpadPress",
      "type": "boolean"
    },
    {
      "name": "/actions/vive/in/TrackpadPosition",
      "type": "vector2"
    },
    {
      "name": "/actions/vive/in/TrackpadToppress",
      "type": "boolean"
    },
    {
      "name": "/actions/vive/in/TrackpadRightpress",
      "type": "boolean"
    },
    {
      "name": "/actions/vive/in/TrackpadBottompress",
      "type": "boolean"
    },
    {
      "name": "/actions/vive/in/TrackpadLeftpress",
      "type": "boolean"
    },
    {
      "name": "/actions/vive/out/Haptic",
      "type": "vibration"
    },
    {
      "name": "/actions/oculus/in/pose",
      "type": "pose"
    },
    {
      "name": "/actions/oculus/in/Grip",
      "type": "boolean"
    },
    {
      "name": "/actions/oculus/in/Trigger",
      "type": "boolean"
    },
    {
      "name": "/actions/oculus/in/JoySticPress",
      "type": "boolean"
    },
    {
      "name": "/actions/oculus/in/JoySticTouch",
      "type": "boolean"
    },
    {
      "name": "/actions/oculus/in/JoySticPosition",
      "type": "vector2"
    },
    {
      "name": "/actions/oculus/in/ButtonOne",
      "type": "boolean"
    },
    {
      "name": "/actions/oculus/in/ButtonTwo",
      "type": "boolean"
    },
    {
      "name": "/actions/oculus/in/Menu",
      "type": "boolean"
    },
    {
      "name": "/actions/oculus/out/Haptic",
      "type": "vibration"
    }
  ],
  "action_sets": [
    {
      "name": "/actions/default",
      "usage": "single"
    },
    {
      "name": "/actions/vive",
      "usage": "single"
    },
    {
      "name": "/actions/oculus",
      "usage": "single"
    }
  ],
  "default_bindings": [
    {
      "controller_type": "vive_controller",
      "binding_url": "application_generated_unity_modular_exe_binding_vive_controller.json"
    },
    {
      "controller_type": "oculus_touch",
      "binding_url": "application_generated_unity_modular_exe_binding_oculus_touch.json"
    }
  ],
  "localization": [
    {
      "language_tag": "en_US",
      "/actions/Oculus/in/ButtonOne": "ButtonOne",
      "/actions/Oculus/in/ButtonTwo": "ButtonTwo",
      "/actions/Oculus/in/Grip": "Grip",
      "/actions/Oculus/in/JoySticPosition": "JoySticPosition",
      "/actions/Oculus/in/JoySticPress": "JoySticPress",
      "/actions/Oculus/in/JoySticTouch": "JoySticTouch",
      "/actions/Oculus/in/Trigger": "Trigger",
      "/actions/Oculus/in/pose": "pose",
      "/actions/Oculus/out/Haptic": "Haptic",
      "/actions/default/in/pose": "pose",
      "/actions/default/out/Haptic": "Haptic",
      "/actions/oculus/in/ButtonOne": "ButtonOne",
      "/actions/oculus/in/ButtonTwo": "ButtonTwo",
      "/actions/oculus/in/Grip": "Grip",
      "/actions/oculus/in/JoySticPosition": "JoySticPosition",
      "/actions/oculus/in/JoySticPress": "JoySticPress",
      "/actions/oculus/in/JoySticTouch": "JoySticTouch",
      "/actions/oculus/in/Menu": "Menu",
      "/actions/oculus/in/Trigger": "Trigger",
      "/actions/vive/in/Grip": "Grip",
      "/actions/vive/in/Menu": "Menu",
      "/actions/vive/in/TrackpadBottompress": "TrackpadBottompress",
      "/actions/vive/in/TrackpadLeftpress": "TrackpadLeftpress",
      "/actions/vive/in/TrackpadPosition": "TrackpadPosition",
      "/actions/vive/in/TrackpadPress": "TrackpadPress",
      "/actions/vive/in/TrackpadRightpress": "TrackpadRightpress",
      "/actions/vive/in/TrackpadToppress": "TrackpadToppress",
      "/actions/vive/in/TrackpadTouch": "TrackpadTouch",
      "/actions/vive/in/Trigger": "Trigger",
      "/actions/vive/in/pose": "pose",
      "/actions/vive/out/Haptic": "Haptic"
    }
  ]
}