{
   "action_manifest_version" : 0,
   "alias_info" : {},
   
   "bindings" : {
      "/actions/default" : {
         "chords" : [],
         "haptics" : [
            {
               "output" : "/actions/default/out/haptic",
               "path" : "/user/hand/left/output/haptic"
            },
            {
               "output" : "/actions/default/out/haptic",
               "path" : "/user/hand/right/output/haptic"
            }
         ],
         "poses" : [
            {
               "output" : "/actions/default/in/pose",
               "path" : "/user/hand/left/pose/raw"
            },
            {
               "output" : "/actions/default/in/pose",
               "path" : "/user/hand/right/pose/raw"
            }
         ],
         "skeleton" : [],
         "sources" : [
            {
               "inputs" : {
                  "click" : {
                     "output" : "/actions/default/in/menu"
                  }
               },
               "mode" : "button",
               "path" : "/user/hand/left/input/system"
            },
            {
               "inputs" : {
                  "click" : {
                     "output" : "/actions/default/in/menu"
                  }
               },
               "mode" : "button",
               "path" : "/user/hand/right/input/system"
            },
            {
               "inputs" : {
                  "click" : {
                     "output" : "/actions/default/in/trigger"
                  }
               },
               "mode" : "trigger",
               "path" : "/user/hand/left/input/trigger"
            },
            {
               "inputs" : {
                  "click" : {
                     "output" : "/actions/default/in/trigger"
                  }
               },
               "mode" : "trigger",
               "path" : "/user/hand/right/input/trigger"
            },
            {
               "inputs" : {
                  "click" : {
                     "output" : "/actions/default/in/padpress"
                  },
                  "position" : {
                     "output" : "/actions/default/in/padposition"
                  },
                  "touch" : {
                     "output" : "/actions/default/in/padtouch"
                  }
               },
               "mode" : "joystick",
               "path" : "/user/hand/left/input/joystick"
            },
            {
               "inputs" : {
                  "click" : {
                     "output" : "/actions/default/in/padpress"
                  },
                  "position" : {
                     "output" : "/actions/default/in/padposition"
                  },
                  "touch" : {
                     "output" : "/actions/default/in/padtouch"
                  }
               },
               "mode" : "joystick",
               "path" : "/user/hand/right/input/joystick"
            },
            {
               "inputs" : {
                  "click" : {
                     "output" : "/actions/default/in/grip"
                  }
               },
               "mode" : "trigger",
               "path" : "/user/hand/left/input/grip"
            },
            {
               "inputs" : {
                  "click" : {
                     "output" : "/actions/default/in/grip"
                  }
               },
               "mode" : "trigger",
               "path" : "/user/hand/right/input/grip"
            }
         ]
      },
      "/actions/oculus" : {
         "chords" : [],
         "haptics" : [
            {
               "output" : "/actions/oculus/out/haptic",
               "path" : "/user/hand/left/output/haptic"
            },
            {
               "output" : "/actions/oculus/out/haptic",
               "path" : "/user/hand/right/output/haptic"
            }
         ],
         "poses" : [
            {
               "output" : "/actions/oculus/in/pose",
               "path" : "/user/hand/left/pose/raw"
            },
            {
               "output" : "/actions/oculus/in/pose",
               "path" : "/user/hand/right/pose/raw"
            }
         ],
         "skeleton" : [],
         "sources" : []
      }
   },
   "category" : "steamvr_input",
   "controller_type" : "oculus_touch",
   "description" : "",
   "name" : "Oculus Touch에 대한 Modular [Testing] 환경 설정",
   "options" : {},
   "simulated_actions" : []
}
